general,pros,cons,quality_score,generated_rating
"I've been using VS Code for a while now, and I'm extremely disappointed. The UI is cluttered and unintuitive, making it difficult to navigate. The integration with other tools is a nightmare, and the API documentation is so poorly written that I spend more time trying to figure out how to use it than actually coding. The customer support response time is abysmal, and when they do respond, it's usually not helpful.",nan,nan,8,1.0
"This is the worst code editor I've ever used. It crashes constantly, and the performance is terrible. The UI is not user-friendly at all, and the integration capabilities are severely lacking. I've tried to reach out to customer support multiple times, but they never get back to me in a timely manner. The API documentation is also outdated and confusing.",nan,nan,8,1.0
"I switched to VS Code because of its reputation, but I regret it. The UI is a mess, and the integration with other tools is non-existent. The API documentation is so poorly written that it's practically useless. Customer support is slow and unhelpful. I'm going back to my old editor.",nan,nan,8,1.0
"VS Code is a disaster. The UI is confusing and not intuitive at all. The integration capabilities are terrible, and the API documentation is so bad that I can't even get started. Customer support is non-existent, and when they do respond, it's not helpful. I'm extremely disappointed.",nan,nan,8,1.0
"I've been using VS Code for a few months now, and I'm extremely frustrated. The UI is not user-friendly, and the integration with other tools is a nightmare. The API documentation is outdated and confusing. Customer support is slow and unhelpful. I'm going back to my old editor.",nan,nan,8,1.0
"VS Code is the worst editor I've ever used. The UI is cluttered and unintuitive, and the integration capabilities are severely lacking. The API documentation is so poorly written that it's practically useless. Customer support is non-existent, and when they do respond, it's not helpful. I'm extremely disappointed.",nan,nan,8,1.0
"VS Code has been an absolute nightmare to work with. The UI is cluttered and unintuitive, making even simple tasks feel like a chore. I tried integrating it with my existing workflow, but the lack of clear documentation made it impossible. The customer support is non-existent—no responses to my queries after weeks. I regret wasting time on this.",nan,nan,8,1.0
"I downloaded VS Code hoping for a smooth coding experience, but it’s been nothing but frustration. The software crashes constantly, and the UI feels like it was designed by someone who’s never used a text editor before. The pricing model is confusing—why are there hidden costs for basic features?",nan,nan,8,1.0
"This is the worst code editor I’ve ever used. The API documentation is a mess, and the integration capabilities are practically non-existent. I spent hours trying to connect it to my other tools, only to give up in frustration. The customer support team is unresponsive, and the UI is a disaster.",nan,nan,8,1.0
"VS Code is a complete letdown. The UI is ugly and counterintuitive, and the software lags so badly that it’s unusable for any serious work. I tried reaching out to support, but they never got back to me. The pricing model is also unclear—why do I have to pay extra for basic functionality?",nan,nan,8,1.0
"I’m a new user, and I’m already regretting choosing VS Code. The UI is overwhelming, and the documentation is so poorly written that I can’t figure out how to do anything. The software crashes every time I try to use it, and the customer support is nowhere to be found.",nan,nan,8,1.0
"VS Code is a joke. The UI is a mess, the software is slow, and the integration capabilities are terrible. I tried to connect it to my other tools, but nothing works as advertised. The customer support team is unresponsive, and the pricing model is a rip-off.",nan,nan,8,1.0
"I’ve been using VS Code for a week, and it’s been a nightmare. The UI is confusing, the software crashes constantly, and the documentation is useless. I tried to get help from customer support, but they never responded. The pricing model is also frustrating—why do I have to pay for basic features?",nan,nan,8,1.0
"VS Code is the worst editor I’ve ever used. The UI is ugly and counterintuitive, and the software is so slow that it’s unusable. The API documentation is a mess, and the integration capabilities are non-existent. The customer support team is unresponsive, and the pricing model is a rip-off.",nan,nan,8,1.0
"I’m a professional developer, and I’ve never been more frustrated with a tool than I am with VS Code. The UI is a disaster, the software crashes constantly, and the documentation is useless. The customer support team is unresponsive, and the pricing model is confusing and unfair.",nan,nan,8,1.0
"I downloaded VS Code hoping for a smooth coding experience, but it’s been nothing but frustration. The UI is confusing, the software crashes constantly, and the documentation is useless. The customer support team is unresponsive, and the pricing model is unfair.",nan,nan,8,1.0
"VS Code is a nightmare to work with. The UI is a mess, the software is slow, and the integration capabilities are non-existent. The API documentation is a joke, and the customer support team is unresponsive. The pricing model is also confusing and unfair.",nan,nan,8,1.0
"I’m a new user, and I’m already regretting choosing VS Code. The UI is overwhelming, the software crashes constantly, and the documentation is useless. The customer support team is unresponsive, and the pricing model is a rip-off.",nan,nan,8,1.0
"VS Code is the worst editor I’ve ever used. The UI is ugly and counterintuitive, the software is slow, and the integration capabilities are terrible. The API documentation is a mess, and the customer support team is unresponsive. The pricing model is also confusing and unfair.",nan,nan,8,1.0
"This is the worst experience I've had with a code editor. The UI is clunky and unintuitive, making even simple tasks frustrating. I tried integrating it with my existing tools, but the process was a nightmare—nothing worked as documented. The API documentation is either outdated or completely missing key details, leaving me stuck for hours. And don't even get me started on the pricing model. Why am I paying for extensions that barely function? Customer support took days to respond, and their solution was basically 'try reinstalling.' Unacceptable.",nan,nan,9,1.0
"VS Code is decent for lightweight tasks, but I find myself constantly battling with extensions that don't integrate well. The UI is clean, but the lack of built-in features forces me to rely on third-party plugins, which can be hit or miss.","Clean UI, fast performance, good for quick edits.","Extension integration can be unreliable, some core features missing without plugins.",8,3.0
"I switched to VS Code because everyone raves about it, but I'm not entirely sold. The customization is great, but the learning curve for some features is steeper than I expected. Customer support response time is also slower than I'd like when I've had issues.","Highly customizable, good for multiple languages.","Steep learning curve for advanced features, slow support responses.",8,3.0
"It's a solid editor, but the API documentation is lacking in some areas. I've spent more time than I'd like digging through forums to figure out how to use certain features. The pricing model for some extensions is also confusing—why pay for something that should be basic?","Lightweight, good for remote development.","Poor API documentation, confusing pricing for extensions.",8,3.0
"VS Code is fine for basic coding, but I wouldn't rely on it for complex projects. The UI is intuitive, but the integration capabilities with some tools are limited. I often have to switch to another IDE for more advanced debugging.","Intuitive UI, fast startup.","Limited integration with some tools, not ideal for complex projects.",8,3.0
"I use VS Code because my team does, but it's not my favorite. The extension marketplace is overwhelming, and some of the most useful ones come with a price tag. The free version is good, but I feel like I'm missing out on key features.","Good for collaboration, lightweight.","Too many paid extensions, can feel limited without them.",8,3.0
"The editor is fast and easy to use, but the customer support is almost nonexistent. I had an issue with a critical extension, and it took days to get a response. For a tool this widely used, I expected better.","Fast, easy to set up.","Poor customer support, slow response times.",8,3.0
"VS Code is great for quick edits and small projects, but the UI feels cluttered when you have too many extensions installed. I wish there was a better way to manage them without slowing down the editor.","Good for small projects, fast performance.","UI gets cluttered with extensions, can slow down over time.",8,3.0
"I like the simplicity of VS Code, but the API documentation is not beginner-friendly. I've had to rely on community forums more than I'd like, which isn't ideal when you're trying to meet a deadline.","Simple, lightweight, good for beginners.","API documentation is not beginner-friendly, relies too much on community help.",8,3.0
"It's a solid editor, but the integration with some cloud services is lacking. I've had issues with syncing settings across devices, which is frustrating when you're working on multiple machines.","Good for local development, fast.","Poor cloud integration, settings sync issues.",8,3.0
"VS Code is fine, but it's not as powerful as some other IDEs I've used. The UI is clean, but the lack of built-in tools means I'm constantly installing extensions, which can be a hassle.","Clean UI, good for basic tasks.","Lacks built-in tools, relies too much on extensions.",8,3.0
"I use VS Code for work because it's what the team uses, but I'm not a fan. The UI is okay, but the integration with our version control system is clunky. I've had to manually fix issues more times than I can count.","Good for team collaboration, lightweight.","Clunky version control integration, manual fixes required often.",8,3.0
"The editor is fast and easy to use, but the pricing model for some extensions is ridiculous. Why should I pay for features that should be standard? It's a bit of a turn-off.","Fast, easy to use.","Unfair pricing for extensions, some features should be free.",8,3.0
"I like the customization options, but the UI can get overwhelming with too many extensions. I wish there was a better way to organize them without sacrificing performance.","Highly customizable, good for multiple languages.","UI gets overwhelming, performance can suffer with too many extensions.",8,3.0
"VS Code is fine for basic coding, but the integration with some tools is lacking. I often have to switch to another IDE for more advanced debugging, which is a hassle.","Good for basic tasks, fast.","Limited integration with some tools, not ideal for advanced debugging.",8,3.0
"VS Code is decent for lightweight tasks, but I've run into issues with its integration capabilities. The UI is clean, but some features feel half-baked. Customer support response time is also a bit slow when you actually need help.","Lightweight, clean UI, good for basic coding tasks.","Integration capabilities are lacking, slow customer support.",8,3.0
"I was really excited to try VS Code, but the API documentation is confusing. It took me forever to figure out how to set up some basic extensions. The pricing model for some plugins is also a bit unclear—are they free or not?","Fast and easy to install, lots of extensions available.","Poor API documentation, confusing pricing for plugins.",8,3.0
"VS Code gets the job done, but it’s not my go-to IDE. The UI/UX design is functional but feels a bit cluttered with all the extensions. I wish there was a better way to organize the workspace.","Fast performance, lots of customization options.","UI can get cluttered, workspace organization needs improvement.",8,3.0
"I’ve been using VS Code for a few months now, and while it’s great for quick edits, I wouldn’t rely on it for heavy development. The customer support is almost non-existent, and the integration with some tools is hit or miss.","Quick loading time, good for small projects.","Poor customer support, inconsistent tool integration.",8,3.0
"VS Code is okay, but I’ve had better experiences with other IDEs. The UI is simple, but some features are buried under too many menus. Also, the pricing model for certain extensions is confusing—some are free, some aren’t, and it’s not always clear.","Simple and lightweight, good for beginners.","Features are hard to find, unclear pricing for extensions.",8,3.0
"I switched to VS Code because everyone raves about it, but I’m not sold. The API documentation is lacking, and I’ve spent more time troubleshooting than coding. The UI is fine, but it’s not as intuitive as I hoped.","Popular with a large community, lots of extensions.","Poor API documentation, not very intuitive.",8,3.0
"VS Code is a solid editor that covers most of my needs, though it does have a few quirks. The UI is clean and intuitive, but I wish some advanced features were more accessible.","Great UI/UX design, excellent integration capabilities with Git and other tools.","Some advanced features require digging into settings, and the API documentation could be more detailed.",8,4.0
I love how lightweight and fast VS Code is compared to other IDEs. It's perfect for quick edits and larger projects alike.,"Fast performance, great extensions, and a very responsive interface.","Occasionally, the autocomplete can be a bit slow, and I've had minor issues with some integrations.",8,4.0
"This is my go-to editor for almost everything. The customization options are fantastic, and the community support is top-notch.","Highly customizable, great community plugins, and excellent customer support response time.","The initial setup can be overwhelming for new users, and some features feel buried in menus.",8,4.0
VS Code has improved my workflow significantly. The built-in terminal and Git integration are game-changers.,"Built-in terminal, seamless Git integration, and a very active extension marketplace.","The pricing model for some premium extensions is a bit steep, and the UI can feel cluttered with too many extensions.",9,4.0
"I switched from another IDE to VS Code and haven't looked back. It's lightweight yet powerful, and the extensions make it incredibly versatile.","Lightweight, powerful extensions, and great for both beginners and experts.","Some extensions can slow it down, and the default settings aren't always optimal for every language.",9,4.0
"VS Code is almost perfect, but there are a few things that could be better. The autocomplete is great, but sometimes it suggests irrelevant options.","Excellent autocomplete, great for debugging, and very easy to use.","Autocomplete can be hit or miss, and the UI could use some polish in certain areas.",8,4.0
"I've been using VS Code for years, and it keeps getting better. The team is very responsive to feedback, and the updates are frequent and meaningful.","Frequent updates, responsive team, and a very active community.","Some updates introduce bugs, and the documentation for new features can be lacking.",9,4.0
"VS Code is a fantastic editor, but it's not without its flaws. The integration with some tools isn't as smooth as I'd like.","Great for web development, excellent extensions, and very customizable.","Integration with some tools can be clunky, and the UI can feel overwhelming at times.",8,4.0
"I use VS Code daily, and it's been a great experience overall. The only downside is that some features require a bit of configuration.","Daily driver, great performance, and excellent for debugging.","Some features require manual setup, and the API documentation could be more comprehensive.",8,4.0
"VS Code is my favorite editor, but I wish it had better support for certain languages out of the box.","Great for most languages, excellent extensions, and very user-friendly.","Some languages require additional setup, and the UI could be more intuitive for new users.",8,4.0
"I love how VS Code handles large projects. It's fast and reliable, but the learning curve for some features is steep.","Handles large projects well, fast and reliable, and great for collaboration.","Steep learning curve for advanced features, and some integrations are not straightforward.",8,4.0
"VS Code is a powerful tool, but it can be a bit overwhelming for beginners. The documentation is helpful, but it's not always easy to find what you need.","Powerful features, great for advanced users, and excellent community support.","Overwhelming for beginners, and the documentation could be better organized.",8,4.0
"I've tried several editors, and VS Code is by far the best. It's fast, customizable, and has a great ecosystem of extensions.","Fast, highly customizable, and a vast ecosystem of extensions.","Some extensions can be buggy, and the UI could use some improvements in certain areas.",9,4.0
"VS Code is a solid choice for any developer. It's lightweight, fast, and has all the features I need. The only downside is that some integrations require extra setup.","Lightweight, fast, and feature-rich.","Some integrations require extra setup, and the UI can feel cluttered with too many extensions.",8,4.0
"I've been using VS Code for a while now, and it's been a great experience. The only issue I've had is with some extensions not working as expected.","Great for daily use, excellent extensions, and very customizable.","Some extensions can be unreliable, and the documentation for troubleshooting is lacking.",8,4.0
"VS Code is a fantastic editor, but it's not perfect. The autocomplete is great, but it can be slow at times, and the UI could use some polish.","Great autocomplete, excellent for debugging, and very user-friendly.","Autocomplete can be slow, and the UI could be more polished.",8,4.0
"I love VS Code for its simplicity and power. It's easy to use, but some advanced features require a bit of learning.","Simple yet powerful, great for beginners and experts, and excellent extensions.","Advanced features have a learning curve, and the documentation could be more detailed.",8,4.0
"VS Code is my go-to editor for all my projects. It's fast, reliable, and has a great community. The only downside is that some integrations can be tricky.","Fast, reliable, and great community support.","Some integrations can be tricky, and the UI could be more intuitive.",8,4.0
"I've been using VS Code for years, and it's been a great experience. The team is very responsive, and the updates are frequent and meaningful.","Responsive team, frequent updates, and excellent community support.","Some updates introduce bugs, and the documentation for new features can be lacking.",8,4.0
"VS Code has been a solid choice for my development needs, especially with its seamless integration with Git and other tools. The UI is clean and intuitive, making it easy to navigate even for someone who's not an expert. The pricing model is great since it's free, but I do wish there were more built-in features without relying too much on extensions.","Great UI/UX design, excellent integration capabilities with Git and other tools, free pricing model.","Some essential features require extensions, which can be a hassle to set up. Customer support response time could be improved, especially for issues related to extensions.",8,4.0
"VS Code has completely transformed my workflow. The integration capabilities with GitHub and other tools are seamless, and the UI/UX design is clean and intuitive. I can't imagine coding without it now.","Integration capabilities, UI/UX design, seamless workflow",None so far,9,5.0
"I switched from another IDE to VS Code, and I'm blown away by how lightweight yet powerful it is. The API documentation is excellent, and the community support is fantastic.","Lightweight, powerful, excellent API documentation",No major issues,9,5.0
"As a beginner, I was a bit overwhelmed at first, but the UI is so intuitive that I got the hang of it quickly. The extensions are a game-changer, and the pricing model (free!) is unbeatable.","Intuitive UI, great extensions, free pricing model",Slight learning curve for beginners,9,5.0
"I've been using VS Code for years, and it keeps getting better. The customer support response time is impressive, and the updates are always packed with useful features.","Fast customer support, regular updates, feature-rich",None to mention,8,5.0
"This editor is a lifesaver for Python development. The built-in terminal and debugging tools are top-notch, and the UI is so customizable that I can tailor it to my needs.","Built-in terminal, debugging tools, customizable UI",No complaints,9,5.0
"I love how VS Code handles large projects. The file type recognition is spot-on, and the integration with Docker and other tools makes my workflow so much smoother.","Handles large projects well, great file recognition, smooth integrations",None,9,5.0
"The extensions marketplace is incredible. I can find plugins for almost anything, and the UI/UX design makes it easy to discover new tools. Highly recommend!","Extensions marketplace, UI/UX design, easy to use",No cons,9,5.0
"I was skeptical about switching from my old IDE, but VS Code won me over with its speed and flexibility. The API documentation is thorough, and the community is very active.","Speed, flexibility, thorough API documentation",None,8,5.0
"VS Code is my go-to editor for web development. The live server extension and the built-in Git tools are fantastic. The UI is clean, and the performance is excellent.","Live server extension, built-in Git tools, clean UI",No issues,9,5.0
"I use VS Code for both personal and professional projects, and it never disappoints. The integration capabilities with cloud services are amazing, and the UI is very user-friendly.","Integration capabilities, user-friendly UI, reliable",None,9,5.0
"The debugging features in VS Code are outstanding. I can debug my code in multiple languages without any hassle. The UI is intuitive, and the performance is top-notch.","Debugging features, intuitive UI, top-notch performance",No cons,9,5.0
"I've tried many editors, but VS Code is the best. The customization options are endless, and the UI is so clean and modern. The pricing model (free) is a huge plus.","Endless customization, clean UI, free pricing model",None,8,5.0
"VS Code has made my coding experience so much better. The extensions are powerful, and the UI is very responsive. I love how it handles large files without any lag.","Powerful extensions, responsive UI, handles large files well",No complaints,9,5.0
"I'm a big fan of VS Code's multi-language support. The syntax highlighting is excellent, and the UI is very easy to navigate. The customer support is also very helpful.","Multi-language support, excellent syntax highlighting, helpful customer support",None,8,5.0
"VS Code is perfect for both beginners and experts. The UI is intuitive, and the documentation is very detailed. I love how it integrates with so many tools seamlessly.","Intuitive UI, detailed documentation, seamless integrations",No issues,8,5.0
"I've been using VS Code for a while now, and it's been a game-changer. The UI is clean, the performance is great, and the extensions are very useful. Highly recommend!","Clean UI, great performance, useful extensions",None,8,5.0
"VS Code is my favorite editor. The UI is modern and easy to use, and the integration with Git is fantastic. The pricing model is also very attractive.","Modern UI, easy to use, great Git integration",No cons,8,5.0
"I love how VS Code handles large projects. The UI is very responsive, and the extensions are powerful. The customer support is also very quick to respond.","Handles large projects well, responsive UI, quick customer support",None,8,5.0
"VS Code is a must-have for any developer. The UI is clean, the performance is excellent, and the extensions are very useful. I can't imagine coding without it.","Clean UI, excellent performance, useful extensions",No complaints,9,5.0
"I've been using VS Code for years, and it's only gotten better. The UI is intuitive, the performance is great, and the extensions are very powerful. Highly recommend!","Intuitive UI, great performance, powerful extensions",None,9,5.0
